date,ndvi,evi,ndre
2025-11-20,0.16,0.1002,0.0418
2025-11-25,0.1418,0.0563,0.0518
2025-11-30,0.1403,0.0689,0.0647
2025-12-05,0.2522,0.1134,0.1206
2025-12-10,0.2662,0.1744,0.123
2025-12-20,0.3263,0.1836,0.1045
2025-12-25,0.4666,0.3149,0.2276
2025-12-30,0.5959,0.3767,0.3257
2026-01-09,0.5855,0.4138,0.3519
2026-01-14,0.593,0.4562,0.3036
2026-01-19,0.5948,0.3882,0.41
2026-01-29,0.6663,0.451,0.3959
2026-02-13,0.8058,0.515,0.4162
2026-02-18,0.6198,0.4893,0.3326
2026-02-28,0.7109,0.4454,0.2409
2026-03-05,0.6452,0.4533,0.2166
2026-03-10,0.6323,0.4996,0.2696
2026-03-15,0.6309,0.4063,0.2596
2026-03-25,0.3186,0.2196,0.103
2026-03-30,0.4898,0.2017,0.1113
2026-04-04,0.4197,0.224,0.1238
2026-04-09,0.4208,0.1949,0.1276
2026-04-14,0.3578,0.2388,0.1043
